ID_int,line,branch,name_station,longitude_int,latitude_int,rank_station,rank_intermediate,cumul_distance,index,network,mode,density_artwork,density_atm,density_attraction,density_bakery,density_bank,density_bar,density_beauty_shop,density_bench,density_bicycle_shop,density_bookshop,density_butcher,density_cafe,density_camera,density_car_sharing,density_cinema,density_clothes,density_dentist,density_doctors,density_fast_food,density_florist,density_gift_shop,density_greengrocer,density_hairdresser,density_hotel,density_jeweller,density_kindergarten,density_laundry,density_memorial,density_museum,density_nightclub,density_optician,density_pharmacy,density_playground,density_police,density_pub,density_restaurant,density_school,density_supermarket,density_tourist_info,density_crossing,density_fuel,density_parby,density_stop,density_lamp,density_signals,density_tree,density_bus,density_taxi,density_vacant,density_restfr,density_restas,density_restma,density_restaf,density_resteu,density_restam,density_restin,density_trees_er,density_trees_ma,density_trees_fr,density_trees_pl,density_trees_pr,density_trees_so,density_trees_ti,density_trees,density_toilets,density_velib,density_kinder,density_primary,density_secondary,density_fiber,density_slamps,density_heritage2,density_heritage3,house_prices,noise,elevation,ind_density,hhshare_poor,hhshare_ind,hhshare_large,hhshare_owner,hhshare_mono,hhshare_house,hhshare_b1945,hhshare_a1990,hhshare_social,ind_inc,indshare_b18,indshare_1839,indshare_4064,indshare_a65
2711,METRO 11,1,Châtelet,2.34830889513,48.8575563584,1,1,0,11,METRO,METRO,.8021842344143872,.6771691684816499,.9133378570268362,.8213058964873005,.836954088631498,.7088045209507474,.7407602377662258,.8390532756948352,.5061219805176058,.4460858970453853,.4448701420424126,.8228265859377908,.9604675596126302,.796349413466565,.9228915247633093,.4914058448818036,.696793426919797,.8106509960928686,.6886745174868857,.7869547538369543,.9548908203704765,.5376834174229188,.5171822081734025,.5044168455637457,.2353579088092863,.4838910440608563,.4017404958458664,.9756430412960364,.9868567996831116,.8250162908865987,.8299767906457489,.7297211537216199,.6974836541588646,.9970777880273568,.8206056864992882,.5943991258751365,.7414271381096493,.62439631306387,.622254623589901,.8662318489780816,.8911409558255068,.8197791859210272,.0177049587271459,.1940224229233913,.9177984261770329,.3231077235016184,.8923216323628718,.9328761715420096,.9999999448423871,.9999999901357836,.9999999814002298,.9999999990963055,.9999999946839794,.9999999960395644,.9999999995737274,.9999999963539983,.0659300633298953,.0426306636747045,.0302648908447485,.3565845458249718,.1764282922224877,.01086976605354,.1196251854877824,.3475866688525737,.9223519164699747,.8484724639632276,.2368881662535206,.2087967002066494,.124068164093828,.9999999074771679,.9999985243630248,.9852729999341168,.9999999657457784,12397.7,51.8479,41.3226,11356.5,.14789623,.53449857,.033691868,.31319204,.090794049,.017715912,.82821894,.10914268,.12891491,37128.891,.14198917,.33016333,.34824109,.17859375
2712,METRO 11,1,,2.35098648695,48.8574476134,,2,.19685458,11,METRO,METRO,.7204239691598447,.6592274949617272,.9276979532746095,.8397347348142032,.8279945129055772,.6475189904435188,.7712596784453072,.8067872923876468,.5714982990070584,.3995887907401767,.4591624355743411,.8723647597703107,.8651849813781604,.8085949093905304,.8838848978472532,.5618336734839511,.7401178547490253,.8612294808491699,.6826437246676178,.8222060992625074,.9253214458684637,.5811466466108917,.5467419282004967,.4116941857198311,.3223824775537075,.5362372195678706,.4318934103647952,.968682402844752,.9647001699441611,.7743456380845932,.8709236735413362,.7334382406651901,.7360659725596475,.998384597906996,.7322155175671761,.5340631196776375,.7263340172719935,.6511533074943817,.6772991876514246,.8713365792767266,.8892006006003319,.8786698580480921,.0179223908213783,.1408272089102908,.8809656337527231,.2491164105807508,.875773123595562,.8893426315964755,.9999999436829711,.9999999910512052,.9999999818805477,.9999999990664536,.9999999946461675,.9999999958738178,.999999999400193,.9999999963055585,.0441191683646605,.0356632511578058,.0423742785153803,.3270658565468687,.1940022970059031,.0220470783210312,.0944961777452731,.2161412056860553,.9282123520777664,.8124549239838063,.2928681220069124,.3296511369015125,.204854562248685,.9999999169663153,.9999985116637778,.9758604614198151,.9999999600652107,14058.5,22.1734,41.6237,11356.5,.14789623,.53449857,.033691868,.31319204,.090794049,.017715912,.82821894,.10914268,.12891491,37128.891,.14198917,.33016333,.34824109,.17859375
15169,METRO 11,1,Hôtel de Ville,2.35100846141,48.8574518308,2,3,.19850759,11,METRO,METRO,.719705405490623,.6591741751240364,.9277010879823693,.83990409806132,.8279600750744718,.6470059421710365,.7716435261345441,.8064340370498988,.57214669666356,.398886036290849,.459283691642527,.8724775516050842,.8642730271223183,.8086718789847845,.8834840663903941,.5634035994119914,.7404271998640574,.8616165874938483,.6824719436103835,.8225393661550727,.9247329746957396,.5815268051557291,.547103183562881,.4110272087980904,.3234548105545032,.5367427235587879,.4322372692700121,.9684713678234903,.9644982813917533,.7738756937078203,.8713276338210235,.7335483286060276,.7363887599730639,.9983959417427565,.7311069399478465,.5339446040711556,.7262305263172647,.6514803113702244,.6778275979258253,.871400308743626,.8892085150336093,.879223276792385,.0179161906928309,.1403957831726439,.8807397857111101,.2483049034562298,.8756481618249351,.8890235401967717,.9999999436983728,.9999999910663466,.9999999818868784,.9999999990660465,.9999999946459496,.9999999958766581,.9999999993990278,.9999999963053815,.0439506281899134,.0355542100926603,.0424683720926492,.3267999714052616,.1941312941137957,.0222268559900764,.0942441143760959,.2148179474098476,.9279919136741706,.8121327807214086,.2938241330596796,.3309457879312136,.2057494787028689,.9999999170969283,.9999985112417366,.9757456107002838,.9999999600209063,14066.2,21.9969,41.5688,11356.5,.14789623,.53449857,.033691868,.31319204,.090794049,.017715912,.82821894,.10914268,.12891491,37128.891,.14198917,.33016333,.34824109,.17859375
15170,METRO 11,1,,2.35258755872,48.8595658271,,4,.46054894,11,METRO,METRO,.6589577341845464,.7044716365575266,.8987175800349974,.8692674510302049,.8467459119424658,.7073633913256555,.8652530104625913,.765731837286999,.6619731990439818,.2734171707062356,.4849679315400793,.9523149960128087,.793051840494541,.8083126875449317,.8349548292921007,.7656623898078506,.7576764123720424,.8821104686827069,.7464057298210496,.8738066573649591,.8058878363529369,.6413837849254009,.6223316023180553,.3824951799658147,.4948786506779326,.5947590277471401,.5039825354128294,.9152905424655221,.9468291997291116,.814950684235323,.9359906575004406,.768925412182202,.7609621046315761,.9999999601193275,.5970988019803228,.6621813809091592,.7330084939123063,.7378497215255838,.7467489612681847,.8821960804363906,.8957946425926152,.9647887323943662,.0149934714753249,.1103571966789681,.8914862401636064,.1636112299564716,.8689924598989244,.8914541192179534,.9999999566737694,.9999999924257426,.9999999834846682,.9999999991726163,.9999999946973878,.9999999969231627,.9999999994080988,.9999999964392509,.0374018649736427,.0177316972313445,.0468513635124409,.2540900537263229,.216744370211567,.0690743160870621,.0666803529392782,.1511101115569997,.9552079916986124,.8156186593070555,.5095805457081678,.500035458595081,.2678095564687857,.9999999446474788,.9999985347800479,.9716788511314314,.9999999605992641,13755.6,45.8227,48.593,11356.5,.14789623,.53449857,.033691868,.31319204,.090794049,.017715912,.82821894,.10914268,.12891491,37128.891,.14198917,.33016333,.34824109,.17859375
15171,METRO 11,1,Rambuteau,2.35349574149,48.8612049894,3,5,.65464622,11,METRO,METRO,.6217168859143266,.739465717151817,.8698814033523373,.8908824354434935,.855780102969115,.7506034060279343,.9242394332214692,.7288795219676921,.7236828212288359,.2275662503807493,.5106325744973189,.9543362256919498,.7278104998995962,.8048343949283967,.7975228973851339,.7501439098767371,.7637924230838219,.8906971978919378,.8051520120388708,.907924257524417,.699817209396791,.6778148632531068,.6788409723790171,.390687629615491,.6112661607247436,.6344958834247703,.557362820835597,.8620534411018842,.9213554644075593,.8316070871460699,.9713261648745519,.794860835891259,.7719737666778375,.9987339880484272,.5295095803781762,.7127008261404959,.7455350390726866,.8007360844217177,.7928061655173926,.8911022734355869,.9004773489484075,1,.0128436303508867,.0866354399946729,.8943475748010492,.1206792477398713,.864934177633802,.8963701210946409,.9999999635214536,.9999999917642465,.9999999852901786,.9999999993875918,.9999999946994089,.9999999962286632,.9999999995132424,.9999999965186198,.0283826937665179,.0179220829310886,.0443400568689786,.1784022224613846,.2291908373860899,.0959991015142022,.0413098402342063,.1602402321168558,.9231583984343497,.8157629025588753,.6325559079883786,.57772276656205,.3014375079508183,.9999999600220139,.9999984915007981,.931903958762898,.9999999677894826,12808.5,45.4674,56.3191,11356.5,.14789623,.53449857,.033691868,.31319204,.090794049,.017715912,.82821894,.10914268,.12891491,37128.891,.14198917,.33016333,.34824109,.17859375
5798,METRO 11,1,,2.35480737622,48.8635933099,,6,.93702894,11,METRO,METRO,.5538317034273662,.7824279504396627,.8198389286744392,.9217594724334852,.8567902793482066,.766556910071061,.979036432629247,.6731609766611982,.7983014513022211,.206179670162308,.5654488909787189,.8844334860910749,.6196895583456573,.7968002353757681,.7363388385774331,.5318671176635696,.7671758852794849,.8999649863851216,.8758860566309618,.948378712377915,.5344463944423324,.7197887470308517,.7557642808760443,.4291471059420995,.7223748036075625,.690532591564775,.6223501662978521,.7691241694892601,.8631706724933237,.8078019737157419,.9998310711557671,.8291953219100905,.7815052178711467,.9928941813987902,.4590122321462314,.6716626294277142,.773084331221507,.8787414910595056,.8533650525669557,.8998746345542944,.9061414450305968,.9912629015744763,.0098868104263698,.0543701569744824,.879884408482639,.1020329532348674,.8581713656186825,.8966991841005855,.9999999662608274,.9999999910413442,.9999999879823879,.9999999996890029,.999999994699321,.9999999948108615,.999999999780633,.9999999965332873,.0160954281866166,.0291708215206811,.0321092321883673,.104000912711177,.2128499046551588,.0977473648743982,.0112333267330899,.1491975333381094,.8178641131655492,.795092844573088,.6623379623459588,.5569885592430662,.3137484167500926,.9999999685218623,.9999983856964085,.8176744772146792,.9999999793184349,12509.6,43.696,45.0203,45312.5,.16740872,.63312554,.023152271,.3713268,.048975956,.0089047197,.86642921,.09884239,.050756902,31009.424,.10703448,.45324138,.31503448,.12468965
5799,METRO 11,1,,2.35652833962,48.8653681984,,7,1.1712717,11,METRO,METRO,.4753024854337353,.7884847225109125,.7746960022251527,.9405640854649285,.8364317815263995,.6856759985297721,.9992103704678555,.6457507574033936,.8617099055754381,.197779469996954,.6318543480376411,.7992745229187369,.5261077415153307,.7901771850511332,.6718393310051407,.3688093776908768,.7714519370258134,.9123006467896073,.8673268170105837,.9751197927048036,.4177848486900007,.7471711133283495,.8163197109957101,.488473738051784,.7681721064174384,.7467707943025579,.6697231902685942,.6841403664271419,.7876081317642248,.7139844081339588,.9999265526764205,.849898330548756,.7904648742178326,.9850986974639991,.3955486829342034,.6143762321287137,.8049705843131645,.9205354525616389,.892324895578675,.9029463948588473,.9099852214589852,.9652591383270152,.007992297009441,.0358663386289003,.8406579824834393,.1063081308828453,.8452943526836021,.872784779433718,.9999999675410554,.9999999908076809,.999999987262866,.999999999789338,.9999999949150485,.999999995175428,.9999999999522422,.9999999966301371,.0098798461772394,.0320069484705262,.0229087836488417,.1090370190069806,.1715096441901222,.0669263231582098,.00536281547794,.1145878215876898,.6814288709790154,.7571087882605225,.5759682277367594,.4697587661068607,.3362557315029397,.9999999658285935,.9999983706739334,.6739649041577183,.9999999799391969,12318.4,40.0897,45.903,8637.5,.052980132,.38410595,.079470202,.18543047,.099337749,0,.70860928,.28476822,.41059601,38526.285,.18958032,.30390739,.36468884,.13892908
5801,METRO 11,1,Arts et Métiers,2.35672986917,48.8653227108,4,8,1.1868919,11,METRO,METRO,.4708334508812777,.7830903816435163,.7748652764441835,.9403100405942533,.8341474053964081,.6732495099240382,.998985545392731,.6446251302254847,.8680502975778253,.1985344414951482,.6326859931921684,.7973423987890669,.5190062583138165,.7908112678990369,.6685410607315577,.3743079243200556,.7733756769599189,.9146791790609203,.8588428203326306,.9758612716763005,.4189393978846284,.746507791422954,.8181801761119891,.4870261193309642,.7793558731940984,.7510728807147701,.6726052446764811,.6832751228399686,.7835601385108802,.7029881727168569,1,.8491665695302483,.7922909287280168,.9850011404764566,.3890483868935891,.6100460765553005,.8052217223633065,.9192065921896883,.891741670960457,.9046479716250623,.9100973425970816,.9663867290185119,.0080332606173613,.035323639396775,.8376028097630374,.1033576397931471,.8435924923788733,.8675870796807295,.9999999672209234,.9999999908462947,.9999999871605856,.9999999997817011,.9999999948892769,.9999999952319036,.9999999999484958,.9999999965850774,.0097434501536886,.0305694756860077,.0232245198747885,.1057551503613711,.1701900544398973,.0653441106007034,.0056136519900106,.1117310660495872,.6704929755420903,.752214133915435,.571666177999307,.4662261004946062,.3446523487408669,.9999999651965306,.9999983681716877,.6701382870024308,.9999999790245054,12314.3,40.7411,45.7574,29700,.13458529,.53990608,.037558686,.35837245,.076682314,.017214397,.85602504,.13615024,.021909233,36955.371,.15656565,.39730638,.34175083,.10353535
5802,METRO 11,1,,2.35938778389,48.8647227515,,9,1.3929696,11,METRO,METRO,.4047621023214751,.7119337026560509,.7725863439027884,.936959823862223,.8076876718304281,.5453381524136242,.9842512776644513,.6216276090002275,.9363058644020925,.2080966885688177,.6453382677816637,.784965750759371,.4344297124015794,.7981343750095076,.6219988024265513,.6145784273148082,.7950846148762827,.9423169374197536,.7391923450953669,.9831405222244368,.4309978492159793,.7391345929792524,.8419688417249943,.4675658344824924,.8708717198928879,.8048047734556275,.7143585938224655,.6663079071305217,.7231545725201569,.5605302066406048,.996254186497444,.842962790275997,.8140883016311483,.9830794946985847,.3091911162620778,.5603128812011123,.8074916239703593,.8999902289678533,.8729951653748753,.9278614299431822,.912029783388979,.9592061208113118,.0084403311261307,.0319973504641945,.794732583470413,.1035952788422188,.8216230229905571,.7938445586288574,.999999961842586,.9999999911183218,.9999999850943191,.9999999996655247,.9999999946316031,.9999999961655569,.9999999999092919,.9999999960962256,.0087585520930207,.0170024928968314,.0233952822927951,.1888412356915271,.1369528388911861,.0524732612921087,.0205781857817076,.1591004584240294,.5522992800804332,.6952717062053447,.4784888628266297,.3986436675072278,.4515517231843097,.9999999585698688,.9999983661194861,.613840552483168,.9999999675964634,13641.9,43.3258,45.7439,36212.5,.15947242,.56954437,.032374099,.34172663,.065947242,.0095923264,.763789,.15707435,0,34844.172,.1394546,.42975491,.31273732,.11667242
5803,METRO 11,1,,2.36144911556,48.8663551324,,10,1.6292031,11,METRO,METRO,.3258429017360033,.6920517292798207,.7176568598273181,.9548964502521925,.7816067544066074,.5491316466552315,.9776107126406528,.6591085990731538,.974630851292326,.207440276750359,.7248981710255984,.7456859942995007,.3891603918962547,.7887624106043656,.5525381466510778,.6471900704563727,.7902704315235964,.9422527646604755,.7035768791215031,.9963850906916485,.3675221197460721,.7657175312256721,.9038759689922481,.5674601047003643,.7302082870540528,.8610606511581279,.7744179575178555,.5810145860372196,.6234062943228428,.4636499001205426,.9806025618426465,.8530649777881389,.8205763286408172,.972556952646908,.2615342462302062,.5714967075786395,.8456328703658287,.9211021724261473,.8692634048477805,.9184230958953756,.9172823289407438,.9253092227233737,.0069802008532104,.0358728222813344,.7507971368870315,.1422706852933517,.8009864791555947,.7492041703906007,.9999999610056023,.999999991450035,.9999999836509849,.9999999996271887,.9999999947467998,.9999999966697273,.9999999999291939,.9999999961596789,.009864207339708,.0183116087703785,.0127398146383335,.4158098568335412,.0726510932212604,.1187261226493496,.034629194336322,.2791243226277942,.5714666681004124,.7208075698858555,.4012687581629661,.3132164903907207,.4865474919662167,.9999999497999933,.9999984191846969,.4517600847884764,.9999999621827222,12278.2,37.0023,43.5873,34200,.15500686,.52537721,.038408779,.43209878,.08230453,.013717421,.93141288,.028806584,.023319615,36640.281,.17032164,.35307017,.32967836,.14692983
5793,METRO 11,1,République,2.36382614398,48.8675034229,5,11,1.8453081,11,METRO,METRO,.2528331820422144,.6464695941366253,.6656834051693657,.9684137544127065,.7507734162902421,.5882381769174222,.9507358908556514,.7019902046486007,.9870637629995098,.2138235934032462,.793132267577465,.6847174959310346,.3610595532755466,.7801967943295057,.4862434867684239,.66502538046917,.7800781544522801,.9351254482025724,.6901793763353847,.9955288020729519,.3293792931055134,.7916277609359595,.9564566869872808,.5734543185147217,.5373842344834828,.9128306228153554,.8358090291120622,.5103917161719654,.5183271361214399,.4036289747186058,.9559683295140725,.8506883734182953,.8293330900419272,.9604303922186606,.2258103324473111,.5540633509276014,.8777026474172053,.9279223528645409,.8330947082232478,.9019171639684214,.9215759089937308,.8917928000221368,.0062058047976361,.0399932710201764,.7062357177788645,.1505917723873656,.7763303316987994,.6931363214004498,.9999999546472669,.9999999913733274,.9999999824593157,.9999999995672708,.9999999947449154,.9999999959699575,.999999999730211,.9999999961665507,.0136326282788857,.0143991218891869,.0206197630289446,.4662682095820291,.0450952064908539,.1713924054199787,.0585016773367297,.2890361055901534,.6439113299962902,.7608254560490811,.2934758465051399,.2214512955581101,.4647697166466628,.9999999393779528,.9999984563213434,.3177413022163177,.9999999546371683,12806.7,56.4158,44.6031,21287.5,.11111111,.41269842,.082010582,.35185185,.05820106,.021164021,.7037037,.2857143,0,35184.16,.21374045,.3141515,.38520259,.085731059
5794,METRO 11,1,,2.36638120574,48.8684466311,,12,2.0600805,11,METRO,METRO,.192472174327197,.588573287665043,.6117006028373636,.9747384131722265,.7192628008288038,.6324108674344523,.9223421289289553,.714096684189728,.9667714857589736,.2198011400722336,.8530437885402108,.6158422899449463,.3435615696707535,.7706525646419853,.421994785164852,.5087987212239713,.7578858647936787,.9162793578648585,.7238129715993384,.9882144707992825,.2990001197773183,.8220592177844386,.9906314442688342,.4903631485599947,.3485405366107815,.9548546189274155,.8989823366504565,.4471339685487473,.4132352001635553,.3659570296780798,.9268023973206416,.842043232181943,.8380160714628276,.9463005103950635,.2121571912674318,.5177166378567754,.9045109443301672,.9293489235579585,.768067355865683,.876495479622236,.9251189369575782,.8138506876227898,.0060911131093854,.0458569460945632,.6565100253412173,.1490524666096209,.7495200813388159,.6354780012148999,.9999999506742698,.9999999912157815,.9999999817548452,.9999999995319361,.9999999947768506,.9999999952938599,.9999999994626253,.9999999961708481,.0142924181541966,.0059949219887508,.0765291747725201,.4058699825283248,.0263973290193998,.224965426210143,.0731638094403903,.2513847075343416,.6704069507992236,.778634689540441,.2459134081438637,.2618015275232913,.4812996753300627,.9999999306844849,.9999983656374387,.212659680478754,.9999999481278177,11295.2,40.02,47.2719,31762.5,.14201184,.48964497,.03846154,.4127219,.073964499,.0029585799,.74408287,.081360944,.087278105,32618.475,.14915387,.39748129,.32349467,.12436049
5795,METRO 11,1,,2.36897566887,48.8692792311,,13,2.2717619,11,METRO,METRO,.1541514891526757,.5257950530035336,.555225707836298,.9753364771386079,.6851176912878026,.6655553173241853,.8859643350661315,.7074626686943922,.921992750632699,.2168241155737348,.9032548240480869,.5735555031700145,.3317383379134442,.759601930038347,.3617721492372459,.328223462305127,.7214411434289653,.8853108262905833,.785486630180938,.9730324895355791,.2813798347073007,.8605084217205413,1,.3629276641009859,.2249839452968807,.9842339452806567,.955000198762373,.389542511246408,.3204559103512605,.3303940468407074,.8957194899817851,.8290981854917046,.8473354052130349,.9302762079994203,.2215895491364432,.4938285165892943,.9261143361599661,.930371624922646,.6821820493986867,.8460837780178246,.9276489174619189,.7084451700379092,.0070528599458602,.0552170621694652,.5991446227715289,.1750685944417575,.7226890040170613,.5807662906734904,.9999999527334755,.9999999902331035,.9999999810684966,.999999999569782,.9999999949276669,.9999999949478551,.9999999992703861,.999999996240037,.013707018424981,.0035547075691541,.1616704585574087,.2494128923716888,.0417892951106978,.2490860664456816,.072378100407324,.1936331608813255,.6455404235643277,.7529305420661403,.3393572691490969,.4009509500429626,.5341556092677504,.9999999261797352,.999998309189896,.1449108071735117,.9999999435123564,11084.8,44.6918,46.6398,33975,.15343915,.5674603,.042328041,.37962964,.055555556,.0026455026,.77777779,.064814813,.034391534,30324.877,.14422369,.43046358,.30831495,.11699779
2714,METRO 11,1,Goncourt,2.37109483973,48.8699575118,6,14,2.4446261,11,METRO,METRO,.1335658846547658,.4749848625884522,.5064904062942482,.9725525687641247,.6560636411118828,.671010475373683,.8483637121361672,.7090313618891377,.867226575613272,.2097073669553109,.9348879601393641,.5834462191613025,.3212774903728917,.7488151911864374,.3161059939736601,.267147159147673,.681809522910432,.8522597851732785,.8282842479609872,.9479497707793503,.2681413164048057,.8906395063854451,.9915255512907353,.2536313783689305,.1942289905529684,.9972250443479364,.9908105529569216,.3478433979452223,.2552303190605794,.2991647382561382,.8684264645396321,.81340094028053,.8558201029371224,.9154180519199829,.2268615915647321,.4873275019800778,.9396702713500492,.926977819757027,.6024995340780775,.817842064761339,.9284786138838325,.6300506378151028,.0086570576884939,.0645053323660425,.5485706664295559,.1828813850961717,.7015050086155429,.5356622227450391,.9999999566440664,.9999999889160617,.999999981642564,.9999999996597729,.9999999950814112,.9999999945153418,.9999999992332564,.9999999962687328,.014770670712758,.0073725468057993,.2125603398520613,.08815113684933,.0691073750881253,.2509216825917773,.0575434647589757,.1548503046901606,.5950331464087358,.7052052581473397,.4966974971346323,.5078891250962743,.5527005127240748,.9999999237077883,.9999983030102891,.1102431174830379,.9999999412295983,11887.6,42.2255,52.8721,49312.5,.17705511,.55194217,.037037037,.41102079,.068654023,.0072267391,.80036134,.10117435,.021680217,29828.941,.14702155,.43422052,.29455006,.12420786
2715,METRO 11,1,,2.3736796054,48.8708162466,,15,2.6569583,11,METRO,METRO,.1158756104887063,.4171979069704391,.4442476490150987,.9587494641241009,.6220792414493735,.632643653516295,.7939779781097146,.7199523404662971,.77321496108634,.2012921543884078,.9583675442517189,.614460589968971,.3043342234687323,.7328898156133666,.2653813457245129,.2597837308100342,.6247611279466048,.804092954112434,.8468337627859764,.9022459637233406,.2473938017841613,.9320454990036177,.9657921276435614,.1469613946894912,.1940938887116252,1.000000013808566,1,.3053947585935219,.1880425754845964,.2540176681289128,.8303660614607203,.7880289077981116,.8678416284625006,.8950286415236012,.2308619190990287,.4613783654096304,.9489430608937544,.9167898902387389,.4999440893693062,.7805380213117536,.9272096664150234,.5725047732366695,.0116925444164255,.0805175006045568,.4857724625439026,.2034427434056326,.676655467942301,.482588348528672,.9999999561080128,.999999987818502,.9999999837792176,.9999999997813891,.999999995200429,.9999999937510056,.9999999992326243,.9999999962335393,.0231061711169902,.0229942059628078,.2160921999105173,.1030032391457376,.1009762859667125,.3041545508285532,.0477856381727741,.1602738558927267,.5167345007607813,.6312421267225048,.6454816038951231,.573962506246485,.5290460677326755,.9999999190767259,.9999983089888762,.0833842326232312,.9999999406223277,11236.9,40.6704,56.041,41637.5,.20543094,.5289256,.05785124,.45690674,.087367177,.0035419127,.73435658,.086186543,.080283351,25935.402,.18673071,.3491444,.34404084,.11648154
2716,METRO 11,1,,2.3762455688,48.8717318085,,16,2.8710189,11,METRO,METRO,.1027693742521876,.3684464045258601,.379907772244624,.9309580137925194,.5890705803348505,.5375245037980887,.7300618543133514,.7638398256475349,.6516245306195851,.1846943126930943,.9628956622727609,.6044672334080391,.283606679232849,.7138893214889021,.2221064364092749,.2281002469065323,.5632336735047092,.7509951710322095,.8180071977682659,.8429563484153877,.2230217213562959,.9618621315388409,.9249612403100775,.1064351477536174,.1925013429405754,.9900277987150162,.9627121788331323,.273428228747894,.1400526443567038,.1992564157517455,.7900434808155591,.7584476305189675,.8807992374867865,.8723636576736119,.2315396631435734,.4048926711105201,.9491210653358879,.8991629482460998,.3956192376421062,.7417172165499615,.9228910239899913,.538461910954924,.0161871031194737,.0986896012728987,.4253252122882675,.2486676401651847,.6523533788356153,.4360383976953126,.9999999509503974,.9999999871974199,.9999999859099807,.9999999998180478,.999999995059886,.999999993265247,.9999999991978908,.999999996100712,.0467951002676672,.043307652916308,.1664807581315214,.1716173170751015,.1287897771935451,.49394759919724,.0465928356452402,.2775371357882992,.4947594801954913,.5658566606725582,.7902817389450116,.6173753712844753,.517914922095808,.9999999137950987,.9999983532482223,.0694251717616718,.9999999411674522,10036.7,45.3134,57.5667,53000,.26918918,.44648647,.1027027,.20432432,.13297297,.0021621622,.47243243,.30378377,.50378376,19492.262,.21462265,.30849057,.33820754,.13066037
2717,METRO 11,1,Belleville,2.3765936841,48.8718487937,7,17,2.8997347,11,METRO,METRO,.1011272986154788,.3626227937787498,.3713688283068519,.9261311612496891,.5849609991562731,.5224699828473414,.7209372463863482,.7705456896861416,.6341631363875044,.1819509594882729,.9615630703314858,.5984689636347845,.2804536695064463,.7112063813463272,.2168996357846757,.2214889558089638,.554997359816981,.7437229483436781,.810288407617993,.8342340043850908,.219654937168985,.963046411450125,.9177361330623918,.1045015580666677,.1909405026838617,.9876840983934907,.9556561145931334,.2698680679392079,.1356445739257101,.1916375293556984,.7844614842235149,.7543679009467563,.8824731207877887,.8692009962635133,.2319459316461118,.3960791568626317,.9480682173564465,.8960036478520015,.3813543528070426,.7367909287586351,.9221167286010196,.5340366363208722,.0168999041048923,.100879148223304,.4170310763348598,.2554247739871275,.6491609031241224,.4304318620864534,.9999999502352259,.9999999871407342,.9999999860706769,.9999999998160656,.9999999950257866,.9999999932468151,.9999999991899899,.9999999960799439,.051618519300069,.046185713944349,.1584149816276259,.1698576408651927,.1336823140288447,.5214254847526115,.0496322440056691,.2883256677451402,.4959471593016941,.5583463953611371,.8020932732716723,.6206655990605946,.5201228989098391,.999999913126132,.999998355322426,.068345052949354,.9999999412604514,9923.549999999999,46.9861,59.02,53000,.26918918,.44648647,.1027027,.20432432,.13297297,.0021621622,.47243243,.30378377,.50378376,19492.262,.21462265,.30849057,.33820754,.13066037
5806,METRO 11,1,,2.37920925387,48.8726097667,,18,3.1094372,11,METRO,METRO,.0898138206511548,.3250684572492387,.3103457858170515,.8850023552076552,.5558667715107303,.3900039818671894,.6527439626242021,.8037995904633034,.5078888263461614,.1624117749445194,.9433648616334489,.5211839984479844,.2550565200846276,.6906335083678126,.1849109950618549,.1645976945875614,.4962282326507878,.6900600309640034,.7287648090177956,.7681355391668327,.1934903631335829,.9619747711076817,.8551667042974336,.0983760934882893,.1739548287296388,.9628719829232223,.8897266354830589,.2483016956663958,.1140493988065576,.1473639075701304,.7417371760973031,.7237310745878178,.8951678886325783,.8450272822573436,.2330809639586299,.3285801830343464,.9335187690009662,.8622219327101586,.2763432254952476,.7040722204524641,.9147074999811645,.4942928691994798,.0226813101778368,.1123524092901978,.3585008669363802,.2894801703932438,.6264446383922976,.393768758840793,.9999999501213145,.9999999870178519,.9999999862089406,.999999999710258,.9999999947745714,.9999999934543359,.9999999991321102,.9999999959530542,.0922274026458588,.062676149999257,.1092600679457496,.126529844187077,.1749150119507442,.6322689242061614,.1120930264029315,.2634802281984205,.5049706171737646,.5120351761210105,.8786985455482403,.6872370497789198,.5599970132578167,.9999999080317233,.9999983218111351,.0622960743711391,.9999999418293484,9864.4,46.2572,65.078,73762.5,.21180275,.40420371,.10105093,.35812449,.10347615,.0040420373,.31204528,.30072758,.21584478,22972.465,.20810032,.29435688,.32977462,.16437893
5807,METRO 11,1,,2.38187124304,48.8731869392,,19,3.3150463,11,METRO,METRO,.0794436027089684,.2968505146719926,.2549160023831126,.8341933810725987,.526738106034082,.2678893040921343,.5824395165712531,.7955310206085572,.4001233221358629,.1422677429180627,.9062237605054863,.4204981113007267,.2306711739247649,.6696244743551909,.162057303240852,.1231259603902931,.4464172244407312,.6373017424812507,.6181988543197258,.6978752242375922,.1667982481265265,.9474708621809775,.7726017912245051,.0971285678439917,.1444674887213186,.9252596580046221,.8085984602541508,.2318388536577645,.1074047098810391,.120445123269065,.6974396263000177,.6892994521506003,.9050866847219872,.820211507147115,.2256081430065129,.2713871529082574,.9093639801672522,.8152037260202586,.1824822127454312,.6743519835639116,.905628325939779,.4443371426990232,.0292437186502217,.1082168904402926,.3139056595385231,.2248714144871461,.6093129746953955,.3678974264491792,.9999999524465469,.9999999870866788,.9999999839503848,.9999999995230083,.9999999946776649,.9999999936478152,.9999999991018946,.9999999959446695,.127817804161389,.0493796825154116,.1147268779777869,.1333896808405403,.2049109315890534,.5088760695432838,.1868309306885962,.2421544387388271,.4978499190829763,.4931364252675712,.8839832609217155,.8222468874775085,.6473597752199957,.9999999070377241,.9999983037643632,.0587785100611354,.9999999420651118,10291.4,44.6296,74.45869999999999,52337.5,.1613806,.50186568,.044776119,.46082088,.085820898,.0009328358,.71082091,.21735075,.1016791,27060.426,.16455697,.36302841,.33341295,.138524
5808,METRO 11,1,,2.38455505545,48.8736485912,,20,3.5184777,11,METRO,METRO,.0697396741736933,.2758922035552583,.2050976593100423,.778615773010908,.5008494665005998,.1988743567753002,.5111145840187756,.7430097354776132,.3128042596438701,.122717679822462,.8498727586358348,.3287374420390959,.2063490654687744,.6480143444636316,.1439981282602505,.1195294028096917,.4078070872707934,.5866301037195457,.4989032986222023,.6267649990033884,.1417132322690511,.917483705854037,.6770678106419808,.0910852422241429,.1152043087188145,.8767913697566027,.713530417268475,.2183519571739597,.1077596759560956,.1000675942931708,.6522085610200364,.6502829907655645,.9106478507302751,.7944995690117869,.2077379977576498,.2243089962017193,.8785788708339096,.7569358043187963,.113365271824331,.6450173099501008,.8941576739764073,.3965355986607266,.0362191839623873,.0897269155688266,.2956421997954919,.1480119238066892,.6018033673367673,.3507986146478611,.9999999501942218,.9999999870832884,.9999999815445944,.999999999320402,.9999999947004241,.9999999934633668,.9999999991248895,.9999999960070037,.1384712338905444,.0279176281362586,.1188455495480426,.1453194637169208,.2212012008032895,.2765961557930898,.1914751424994529,.2758613701844132,.4671928513438678,.4943148926349396,.8635747350090182,.9102699636013398,.7232672747083778,.9999999106188816,.999998300707063,.0559636233351723,.9999999418813436,9921.620000000001,45.6013,91.553,50425,.20253165,.48628691,.072784811,.26265824,.11708861,.003164557,.41877636,.29957807,.42088607,22856.014,.17327714,.3428359,.32325235,.14774418
5809,METRO 11,1,Pyrénées,2.3853162151,48.8738818532,8,21,3.5799952,11,METRO,METRO,.0671448793626191,.2705819092116797,.190264849132087,.7610231657166447,.4929207298524339,.1871355060034305,.489060340856748,.7189045492102648,.2902282321493157,.1168260737130673,.8303211362474404,.3039322617357084,.1992098615316172,.6407315547596749,.1391022583229006,.118336259104381,.3966867748543809,.5716550798286161,.4640331636817933,.6046402232409807,.1336787780630445,.9018737389388548,.6468518100398886,.0898006146481858,.1077680529583062,.8605904970966455,.6835703022513151,.2141692430525512,.1089771405936546,.0941983825767544,.6396828544567836,.63662172488376,.9113349267959755,.7860279924656547,.1997020697648052,.2117006700467703,.8692881428580514,.738455525518679,.0996105989015205,.636605020319375,.8898139691793301,.3872360884363154,.0387056493074438,.0823411592770552,.2963072956030765,.14817701551397,.6012023607256568,.3472113293027529,.999999948794282,.9999999870346435,.9999999810835681,.9999999992559316,.999999994720711,.9999999933479352,.9999999991342323,.9999999960280208,.1403912182009863,.0235701920234965,.11616696543388,.1465020483126596,.2228477650958768,.2204629335360025,.1736797660554514,.2427112195435703,.4602345249552402,.4935893490782856,.8418299259891071,.9200515881327503,.7290029259011388,.999999912013721,.9999982897158837,.0549837378780816,.999999941786234,10081.8,46.7244,95.2522,50425,.20253165,.48628691,.072784811,.26265824,.11708861,.003164557,.41877636,.29957807,.42088607,22856.014,.17327714,.3428359,.32325235,.14774418
2719,METRO 11,1,,2.38788279509,48.874662805,,22,3.7873189,11,METRO,METRO,.0605825510171908,.2538683994107706,.14465610510969,.701280280296174,.4646903178037847,.1663409703504043,.4205418832664342,.6092337352860171,.2270102163486375,.0991138331665289,.7560928255773753,.2341885586218642,.1756011187526418,.6155844887511966,.1237882062054167,.100921023211117,.3607415169566462,.524378387041631,.3664998544829887,.5311907514450868,.1070121808325044,.8383716175664194,.5473078949348987,.0925296440144719,.0865306089478212,.800714786620024,.5928750314707091,.2006809396686047,.1125354902186274,.0809920195906615,.59522078265468,.5898239888098846,.9111873668355566,.7564818378431911,.1743213111449843,.1765830505338984,.8357653528022817,.6738429469432955,.0721549711128408,.6132449842273864,.87288895361562,.3712748000774787,.0472929342444057,.0557347029611016,.3167972258035833,.1643887886454109,.606180004588963,.3357988259602199,.9999999442285257,.9999999867169819,.9999999799583855,.9999999990754015,.999999994810942,.9999999929201043,.9999999991484408,.99999999608934,.1377759396273244,.0256493870536914,.0909978717694874,.1547934347399121,.2291682336632568,.2157430652656138,.1073276159809366,.1566620115814384,.4236008882054701,.4880085776653749,.8304128794946291,.9368655591490597,.7061654102069148,.9999999167390926,.9999983000199955,.0511163487173606,.9999999412639117,10834.5,45.0346,102.257,58512.5,.1119403,.49834162,.035655059,.38805971,.11276948,.01575456,.63847429,.20646766,.11691542,29723.758,.19333476,.31275368,.34607989,.14612262
2720,METRO 11,1,Jourdain,2.38941503204,48.875111816,9,23,3.9102466,11,METRO,METRO,.0585494970884066,.2432939007528038,.1212476749131726,.6672170972197965,.4467958467975687,.1595763905905415,.3847261520914215,.5354746195020896,.1969466317671162,.0890098342108698,.707028211077802,.2077806063463454,.1634306343407358,.6002455481819674,.1154039573606591,.0860067268947341,.3390551354549202,.4988562596499706,.3225679138539293,.4874801674307355,.0927659707430881,.7982203045900563,.4935229923985851,.0882648520319205,.0735010561773247,.7605360568244592,.5514688539361575,.1924044978597532,.1132193557455182,.0822356359414125,.5674819319583995,.5616246389763117,.909785547211577,.7383861510376342,.1619253977652083,.1599911546888821,.8152148089519244,.636312412467837,.0659791486236118,.6033318656511789,.8614684263963385,.3691316859902045,.0524130645381362,.0410953167001363,.339321566709643,.1985292886640128,.6127137200245999,.3273478896711883,.9999999427956826,.999999986499129,.9999999796873384,.999999999000543,.999999994829523,.9999999927277862,.9999999991411721,.9999999961029372,.1283757302571036,.0368739185268216,.0698233319366737,.1449242617109866,.2492711273684707,.2602205275423938,.1156695007561529,.150856848600037,.3925470313398892,.4819643046032829,.9146378086378619,.9772916560153445,.6637149541756315,.9999999205709752,.9999983040303893,.0485494351358397,.999999940875023,10570.5,44.8639,104.957,28912.5,.10433387,.50240773,.030497592,.39807382,.097913325,.02247191,.73033708,.025682183,0,32028.775,.15218331,.33765674,.34414181,.16515347
2640,METRO 11,1,,2.39191151389,48.8760578777,,24,4.12151,11,METRO,METRO,.0584416295630038,.225065746071051,.0880642855091828,.6148997316651054,.4165318808221459,.1348485358980642,.3286366826785989,.410968278868146,.155428021920734,.0703861885905748,.6215451326243031,.1732166764983549,.1504569201463121,.5726647769075468,.1026346123778633,.055051593474817,.3019153542848692,.4596818952441161,.2623678812013316,.4109164839545545,.0726845221666155,.7244382581224452,.4218469180401896,.0656967978673896,.0511932986255559,.6903346319599402,.5014966806683716,.1758938212463025,.1120348577196816,.0833292404911049,.5207731065279981,.5130253461294375,.9060827144548149,.7063647714521738,.1395094544034467,.1239693478172894,.7827503863931817,.5773996026446927,.0638201212493285,.5928228765594618,.8395652323011465,.3743566507097595,.0614286928387112,.0216263103111102,.3857413417507669,.2777098292347185,.6264208361502733,.3132231094311724,.9999999405373369,.9999999861714042,.9999999792747374,.9999999989388239,.9999999947531903,.9999999926069171,.9999999991048527,.9999999961057625,.1089032641740966,.0522739439302743,.0378516211304687,.1015801493537269,.3024888647436095,.3356478467035092,.2054836200077047,.2829603254448882,.3645013522014269,.4666721158561798,1,1,.5239409510008352,.9999999323007461,.9999983532242199,.0442040581623791,.9999999403583312,9424.540000000001,42.2263,107.357,48337.5,.12007874,.49311024,.045275591,.27263778,.10728347,.056102362,.58366144,.27066928,.17913386,28083.049,.16524437,.31393844,.35014224,.17067493
2641,METRO 11,1,Place des Fêtes,2.39305609196,48.8768063883,10,25,4.2398324,11,METRO,METRO,.0598382650919114,.2173596739356366,.0741656182436563,.5907125429362294,.4012810873171208,.1148462386669934,.2997554341865719,.3536546959010406,.140291488470077,.0617253383229624,.5793235247202293,.1540195062199057,.1464796014027676,.5570326188363969,.0971185989151157,.0379468699007141,.2834033047916647,.4411732294148651,.2375575856953229,.3718620689655173,.0642714674804581,.6767275785261022,.392175810943027,.0499177538104542,.0410582371734029,.6560734803517567,.4794651967084951,.1649868278974229,.1115792029235507,.0788052734906627,.4992008931194547,.4880768284311821,.9043811636612342,.6887909010916116,.1263910759501644,.0995068594520532,.7685031316255098,.549080545874996,.0642702566407578,.5894165365536869,.8267544029694692,.3798541741608789,.0666504838608659,.0137592216813337,.4119379362468323,.3037640909260017,.6330319088724888,.3065620764623546,.9999999389816613,.9999999860427734,.9999999789398898,.9999999989170862,.9999999946602971,.999999992626417,.9999999990800104,.9999999960973258,.1094802104776196,.0550164824916344,.0280723496506608,.099507453818017,.3260692242908959,.3296659923326797,.2336433365784323,.3752901293483157,.3590602872151102,.4509943168158783,.9816136684702935,.9412558279911799,.437607508891089,.9999999405360684,.9999984034471515,.0422424078727873,.9999999402057961,9252.559999999999,47.3432,110.998,36800,.14670658,.42964071,.085329339,.33233532,.11676647,0,.44610777,.11676647,.4745509,24148.699,.22554348,.24660327,.31521741,.20380434
5811,METRO 11,1,,2.39550991936,48.8762613146,,26,4.4298182,11,METRO,METRO,.0590972981674137,.2042375715073247,.0652389109559934,.5718602964915345,.3898092718120613,.0930118230825778,.2552488429733938,.2535612927947886,.1191224385476374,.0512503807493147,.5215150004148084,.128483434827186,.1426764637032221,.5419612392376704,.0870783435371631,.0195820191150375,.2616624656603133,.4153716400069931,.2068371700135579,.3255044847518437,.0476648109861839,.630609497278091,.3592744788138783,.025555939204303,.0223491564717619,.5871941428480983,.4616534379265109,.1568257519001945,.0971132492556957,.0737838136499815,.4644896879957694,.4644318814676665,.8938767389789128,.6696130123544785,.1379883095451052,.0759280350112445,.7419763301094104,.5163475881835652,.0605965993181096,.5906656341049158,.8097977296726495,.3731045408007969,.0692267441710921,.0040909218351891,.441401324856622,.2758821942780609,.6561379353174596,.287837892843795,.9999999377831217,.9999999858531294,.9999999786876497,.9999999989151932,.9999999946181061,.9999999925814805,.9999999990496603,.9999999960924731,.1629745449388865,.0569318666873907,.0174222434535935,.0531008280569736,.3658482690030083,.3437471004007561,.2249720592588341,.3738855232272592,.3887355975762529,.4400678904905232,.9474940249309202,.8689895619791503,.3436838699329089,.9999999261759348,.9999983819800436,.0392068511507069,.9999999403024257,9248.629999999999,34.647,119.8,28294.5,.17250285,.45886821,.07292062,.30565894,.11819217,.031674895,.42825675,.17288265,.40136725,24150.719,.20385587,.28696391,.33677924,.16646345
5812,METRO 11,1,,2.39797197427,48.8754418926,,27,4.6321712,11,METRO,METRO,.0586883972711176,.1941348178540121,.0669084563088779,.5549345569827937,.3818369139111619,.0674048946336682,.2107773464060889,.1817462788441964,.1023744328793534,.0411513859275053,.4763599755076521,.106703669907928,.1405818534416288,.527776842582254,.0772579728441162,.0078672318400008,.2421917685450043,.3905036607421689,.1824385811736479,.2844042256328483,.0319179994063211,.5829613952199928,.3296997064800181,.0107729426121047,.0087360000969341,.516331674303149,.4392284044681781,.1480058949115939,.0793940787876465,.0618259285081925,.4250132205182443,.445364650114621,.8794481415992008,.6518462967859834,.1585436061526058,.0614494747735196,.7209580071436787,.4829938442497476,.0553940603177039,.5970003431147198,.7919585970654002,.3577374858186447,.0705655443422653,.0008116604108182,.4589979104610323,.1785322649652145,.6804846536279406,.2641652996282656,.9999999381208153,.9999999858108752,.9999999787301228,.9999999989197315,.999999994565163,.9999999924697314,.9999999990250779,.9999999960841724,.2124122917458955,.043979034331704,.0155123582933302,.0344334552638279,.3711991158047179,.339997371365475,.1273216690699434,.2631331440603988,.3895705752367024,.4272889000009616,.8711410827091718,.8485159341030872,.332111350173397,.9999999067891993,.9999982980838055,.0351235948421398,.999999940285884,8788.66,47.6624,127.133,28294.5,.17250285,.45886821,.07292062,.30565894,.11819217,.031674895,.42825675,.17288265,.40136725,24150.719,.20385587,.28696391,.33677924,.16646345
9138,METRO 11,1,Télégraphe,2.39886759663,48.8754744558,11,28,4.6979723,11,METRO,METRO,.0590534873570963,.1904693049442853,.0664981230631164,.5453496557162743,.3767263397751209,.0560576451850037,.1946524533350881,.1633440706989666,.0959838618508688,.0373421522126974,.4604252134157515,.0971950926528527,.1406162458770681,.519588743841117,.0737913533586522,.0047937450345146,.2342925121388629,.3805051308288167,.1726967496468551,.2671540761411202,.0278219796586867,.5557542460295805,.3168360051177843,.0073302908319626,.0058997701855076,.4905933906816896,.4285787165251037,.1420473210862676,.0740608987873909,.0549288581548932,.4092389388330689,.4357429640854283,.8748092253435313,.642816603520422,.1609390156334639,.0569299832921901,.713846108734712,.4683242679868417,.0541559139195545,.5989663971685675,.7831405993221687,.3505748637206342,.0721325733832448,.0004972768659776,.466166362868448,.1514474589828491,.6879764093050507,.2551036024569882,.9999999383154549,.9999999858611022,.9999999787647323,.9999999989160426,.9999999945435656,.9999999924480941,.9999999990194279,.9999999960735514,.2111347677880946,.0393578739908366,.0175045150173081,.034805513176754,.3567639107402368,.3307407938919067,.0985938804813652,.2540149545177872,.3779803540993478,.4191958919521881,.8129292498511785,.8050799797473699,.330565987643737,.9999999027408951,.9999982907819883,.0335823503909045,.9999999404296483,8561.209999999999,47.7299,129.683,28294.5,.17250285,.45886821,.07292062,.30565894,.11819217,.031674895,.42825675,.17288265,.40136725,24150.719,.20385587,.28696391,.33677924,.16646345
9139,METRO 11,1,,2.40155901472,48.8758992155,,29,4.9010067,11,METRO,METRO,.0597217681644764,.178682909636431,.0653097553513655,.5148605664142096,.35697107796151,.0363411234991424,.1540863328288478,.1285286615813864,.0772117672744568,.0302471606979679,.4199330354942883,.0720133004131565,.1421838752730593,.4917587376900639,.0643557808641899,.0010702898654145,.2127582253186943,.3517267534260378,.1426336449526892,.2189866454056209,.0195890596438968,.4671225497364624,.2757992022277414,.004841523280926,.0013468138987281,.4177053711801277,.3923403606874528,.1219110628075396,.0591367347721087,.0314876622419479,.3598874787002762,.4058029296343785,.8586375759313709,.6147723727526825,.156808934127814,.0447737508166014,.694286318290959,.4238237305800736,.0507471195062324,.5988134464480088,.7530829008068338,.3260888513793962,.077389534100091,.0004717610651414,.4746934601876139,.1428868726515123,.7076013578539855,.2291527465056044,.9999999388996231,.9999999860362487,.999999978881665,.9999999988978225,.999999994539674,.9999999923774632,.9999999990141687,.9999999960291389,.1851954310502145,.0253949475168218,.0509633332609537,.0760720957230018,.2755756252365109,.2849248615085987,.126336465635844,.2362865475303979,.3242396219212551,.3963833408660365,.6118026494655756,.6255077588353748,.2894363353779612,.9999998906841914,.9999982940752117,.0290614606360513,.9999999422814835,8108.83,39.9212,126.465,28294.5,.17250285,.45886821,.07292062,.30565894,.11819217,.031674895,.42825675,.17288265,.40136725,24150.719,.20385587,.28696391,.33677924,.16646345
9140,METRO 11,1,,2.40420601625,48.8765348177,,30,5.1075907,11,METRO,METRO,.0574558863308612,.1659457945107679,.0630170300958272,.4824465579566324,.3319531415911426,.0376015376133301,.1253405277357373,.1127363517704679,.0638937700949016,.028457856490144,.3878516193933541,.0594577645335099,.1413484719219048,.461736930712153,.056472399555596,.000344779044819,.1954429547392701,.32666418579437,.1190002626404594,.1792003189156867,.0146874593147696,.3857920877180642,.2340684879957853,.0076992727592471,2.42541126293e-06,.3555354502831896,.3438675182530113,.1024019302669945,.0463155339185546,.0104502433911811,.3103788412950232,.3772202147362422,.8385832550606879,.5893281491413083,.1363273327370529,.0356463147427633,.6792511523879514,.3808995863596392,.0474422530887883,.5843882816153213,.7202670222943266,.2969050056725421,.0821462085824203,.0016036753547609,.4586297959365136,.1662061925666878,.7218350985844438,.2064897784219505,.9999999374026136,.9999999860403322,.9999999790616309,.9999999988829806,.999999994539674,.9999999923146128,.9999999990119202,.9999999959624492,.1732993477442403,.014380429135162,.1468591644329495,.1588614774065007,.2070052834253526,.2241905224642583,.1927927126769806,.2574406026508659,.2748743232272182,.3825965708570934,.494383879308047,.4761644025391653,.1919385616070886,.9999998796703919,.9999983590987968,.0252441881529439,.9999999467047456,7795.64,40.898,124.007,28294.5,.17250285,.45886821,.07292062,.30565894,.11819217,.031674895,.42825675,.17288265,.40136725,24150.719,.20385587,.28696391,.33677924,.16646345
9142,METRO 11,1,Porte des Lilas,2.406480157,48.8771748184,12,31,5.2890081,11,METRO,METRO,.0526224254925812,.1539732316340271,.0594284166523758,.4520162165309115,.3072956545196783,.0419319713305562,.1105563598078568,.1033289825048797,.0580983948639235,.0248248553152604,.3625421709792853,.050292074456146,.1363382706817801,.4347939075044102,.0509445329340527,.0002680039581163,.1832418678272144,.3073709562307173,.1094089169985164,.1495719354195734,.0117823906511199,.3258005662411659,.1988168886881915,.0075916986036377,.0002613140219152,.3113271820313547,.2924596181112274,.0878707621529793,.0373969154495854,.0006833199588003,.2691330277924672,.3530442553522167,.8181554230401944,.5699710277991552,.1091457653594689,.0369904551577414,.671566604029485,.3409907826596749,.0446706206080007,.5625418203621942,.6908174160691383,.2615920473726445,.0855152301565733,.0034206348371902,.4276601609389588,.1602805628929648,.7276636726001144,.1857378686743353,.9999999346239159,.9999999858156027,.9999999790608559,.9999999988797705,.999999994539674,.9999999922769982,.9999999990119202,.9999999958935603,.1603793432512446,.009017758396715,.2742275547277465,.1895095742520213,.1880399805296208,.1329807286470241,.182278919048176,.4044795438099632,.2469974676466319,.3736953197872893,.4103028849143944,.3381133718485143,.1109718527204243,.9999998784402691,.9999987507062508,.0231924322533927,.9999999529385984,-9999,49.2729,117.837,28294.5,.17250285,.45886821,.07292062,.30565894,.11819217,.031674895,.42825675,.17288265,.40136725,24150.719,.20385587,.28696391,.33677924,.16646345
9143,METRO 11,1,,2.40908184389,48.8779844989,,32,5.5000467,11,METRO,METRO,.0447109233294224,.1408719149051539,.0542373406021002,.4148865001614243,.2748247975342513,.049174987748101,.1028914698076375,.0900088613203367,.0549662865572378,.0196651364170402,.3334100943954378,.0379576105726554,.1281229163453932,.4032473695165115,.0461891257915135,.0040350141055466,.1711078056900822,.2875850454829283,.1031607714531116,.1179042455650787,.0099291230737985,.2722873844110674,.1631513509445323,.0043808373884529,.0032246931431272,.2734140292132645,.2326116050724158,.0742575963814528,.0294655064463781,0,.2243889182678183,.3238113740270169,.7902112555358626,.5498788258997053,.0776294075408473,.0490073595301001,.6655875866049501,.2948389408201153,.0414655162963044,.5298900279962677,.6564278844066422,.212707877915825,.0882005272102199,.0057745686618793,.3784875294536078,.1446591670077012,.725732715715903,.1584882110100945,.9999999325899437,.99999998555373,0,0,,.9999999921792283,.9999999990119202,.999999995838837,.1529519521020447,.0055324009449935,.3753687677413976,.104646288463987,.1662679188089864,.0343469543968139,.099358249636274,.4239506024070032,.2095175624889109,.3481820542162303,.2302351822729252,.1527773975370295,.0660079978318464,.9999998916395867,.9999990564892773,.0224660536572308,.9999999604538496,-9999,55.8999,112.292,20267,.15621956,.42318934,.071776554,.39146909,.12796362,.087799072,.34340155,.27227455,.32423946,23272.924,.22393546,.29666454,.33142546,.14570484
9144,METRO 11,1,,2.41170154433,48.8787320688,,33,5.7094703,11,METRO,METRO,.0345816648439821,.1298979693275374,.0489061431149603,.376343659198806,.2394823993984859,.0558821367311933,.1003783641508192,.0816007855440731,.0551057902954548,.0158762020799791,.3024689752589586,.0269384122744586,.1199386261442419,.3722579447822622,.0418083242762275,.0127818611709744,.1607038205556657,.2702853116349191,.0970033433420644,.0913168825991628,.0078932732016477,.2393778570480916,.1345468503048092,.0004682649807091,.0076161492138244,.2484226896007619,.1810519829859409,.0635088792985196,.022636690049961,0,.1841192196956343,.2942469337270596,.7561249046790937,.5313997174454346,.0495073128330457,.0616836153619351,.6595174971402539,.2546982379572029,.0377170922086892,.4919996734512074,.6226213826622476,.1673455269929993,.0892252588008352,.0084601851170387,.3213195216289512,.1103714795937349,.7137691138185006,.1294486500256399,.9999999319255234,.9999999855241526,,,,0,.9999999990119202,,.10482945266499,.0019118107642785,.3688948079378521,.0252359443596667,.114007721899383,.0080828096359381,.0229278773832908,.1646557931352506,.1695547681902007,.3074217961169716,.0521045570452506,.0270428686168344,,.9999999180634249,.9999984146462512,.0228834838178539,.9999999654551492,-9999,46.0636,122.428,20267,.15621956,.42318934,.071776554,.39146909,.12796362,.087799072,.34340155,.27227455,.32423946,23272.924,.22393546,.29666454,.33142546,.14570484
9145,METRO 11,1,,2.41436204518,48.8793187173,,34,5.9152842,11,METRO,METRO,.0234087465627598,.1213794474618854,.0438094217682556,.3387810080288765,.204056202540364,.062722371967655,.096655589919063,.0728406519057826,.0562139608356574,.0133762020799791,.2694701773896282,.0193375961127422,.1100074221094545,.3426638688352783,.0371984762141648,.0185240793335902,.1500865161856751,.2548176065598533,.0907090582564933,.0717262108829978,.005077725064185,.2246001713915662,.1127462933694589,.0036016753773996,.0115383838669419,.23190190007942,.1335477758490466,.0555359761952496,.016515045808257,0,.1503988189670368,.2663946846951859,.7133832398940025,.514767385453015,.0298479485015306,.0603975765003787,.6486123102706256,.2244822981467609,.0328313801155486,.4494570678224882,.5905982665496928,.1281932261545699,.0885171613612112,.0109235524807856,.264087493886987,.0685025949626102,.6924780083278733,.1021922615271866,,.9999999855241526,,,,,,,.0343135115646562,.0003537815550434,.2571443430324779,.0044691122741706,.0525458611998913,.0035246164779961,.0025159493282734,.0126157491705367,.1117144193598684,.2646700195209201,,,,.9999999480538189,.9999981975102294,.0223130933807643,.9999999672146251,,41.6099,118.655,20267,.15621956,.42318934,.071776554,.39146909,.12796362,.087799072,.34340155,.27227455,.32423946,23272.924,.22393546,.29666454,.33142546,.14570484
9146,METRO 11,1,Mairie des Lilas,2.41647964368,48.8797612522,13,35,6.0782385,11,METRO,METRO,.0155123458531574,.1157112775975346,.0396321102075085,.3103756159264964,.1780883559953394,.067561872090174,.0904975762760194,.0672634087343879,.0561288680895944,.0124656672903703,.2430204320111044,.013743008316142,.0990218125701023,.3198984619861512,.0336204828453307,.0178851194808778,.1409521349608693,.2426579037211306,.0832199720323403,.0609125772373929,.0028299474542112,.2133894054149982,.0972279671859713,.0106453162564365,.0132967878477004,.221127595086995,.1005472590668769,.0510275646910271,.0123922004574437,0,.1302940830836124,.2459060237530922,.6742429603928857,.5023526915964444,.0182867436792179,.0491036173275598,.635467579140665,.2059577240009119,.0283530482256597,.4124716717073999,.5668576048619324,.1012472674949501,.0871611504883805,.0121721287057578,.224644111501356,.0372349231742252,.6690982560996245,.0826937826840331,,.9999999855241526,,,,,,,.00662826768491,.0003115147458257,.1376975060376712,.0006042239843021,.0155771217588502,.0020633384181779,.0007434754066083,.0001807549112541,.0723212163898641,.2367214470483023,,,,.9999999628752987,.9999981951627077,.020989752067403,.9999999665950632,,46.6232,122.963,20267,.15621956,.42318934,.071776554,.39146909,.12796362,.087799072,.34340155,.27227455,.32423946,23272.924,.22393546,.29666454,.33142546,.14570484
